day,totalCount,chinkCount,buglandCount,chankaroCount,chinaziCount,gookCount,insectoidCount,bugmenCount,chingchongCount,chinkFreq,buglandFreq,chankaroFreq,chinaziFreq,gookFreq,insectoidFreq,bugmenFreq,chingchongFreq
2019-11-01,334191,10.0,0.0,0.0,16.0,5.0,0.0,0.0,0.0,2.992300810015829e-05,0.0,0.0,4.787681296025327e-05,1.4961504050079146e-05,0.0,0.0,0.0
2019-11-02,423985,19.0,0.0,0.0,38.0,11.0,0.0,0.0,2.0,4.4812906116961686e-05,0.0,0.0,8.962581223392337e-05,2.594431406771466e-05,0.0,0.0,4.717148012311757e-06
2019-11-03,432229,20.0,0.0,0.0,40.0,7.0,0.0,0.0,6.0,4.6271767974846664e-05,0.0,0.0,9.254353594969333e-05,1.6195118791196335e-05,0.0,0.0,1.3881530392454e-05
2019-11-04,449904,18.0,0.0,0.0,35.0,10.0,1.0,1.0,6.0,4.000853515416622e-05,0.0,0.0,7.779437391087876e-05,2.222696397453679e-05,2.222696397453679e-06,2.222696397453679e-06,1.3336178384722074e-05
2019-11-05,138301,1.0,0.0,0.0,12.0,2.0,1.0,0.0,1.0,7.230605707840146e-06,0.0,0.0,8.676726849408175e-05,1.4461211415680292e-05,7.230605707840146e-06,0.0,7.230605707840146e-06
2019-11-06,315162,13.0,0.0,0.0,13.0,5.0,0.0,0.0,1.0,4.124862768988647e-05,0.0,0.0,4.124862768988647e-05,1.586485680380249e-05,0.0,0.0,3.1729713607604978e-06
2019-11-07,450636,22.0,0.0,0.0,23.0,7.0,0.0,0.0,2.0,4.881989011086553e-05,0.0,0.0,5.1038976024995784e-05,1.553360139891176e-05,0.0,0.0,4.438171828260503e-06
2019-11-08,441759,16.0,0.0,0.0,22.0,16.0,0.0,0.0,1.0,3.621884330596547e-05,0.0,0.0,4.980090954570252e-05,3.621884330596547e-05,0.0,0.0,2.263677706622842e-06
2019-11-09,424623,11.0,0.0,0.0,19.0,5.0,0.0,1.0,4.0,2.5905332494942573e-05,0.0,0.0,4.4745574309446265e-05,1.1775151134064805e-05,0.0,2.355030226812961e-06,9.420120907251844e-06
2019-11-10,435942,14.0,0.0,0.0,11.0,10.0,0.0,1.0,4.0,3.211436383739121e-05,0.0,0.0,2.5232714443664523e-05,2.2938831312422295e-05,0.0,2.2938831312422295e-06,9.175532524968918e-06
2019-11-11,444707,16.0,0.0,0.0,40.0,16.0,0.0,0.0,3.0,3.5978745556062755e-05,0.0,0.0,8.994686389015689e-05,3.5978745556062755e-05,0.0,0.0,6.746014791761767e-06
2019-11-12,457013,19.0,0.0,0.0,38.0,13.0,0.0,1.0,3.0,4.1574309702349824e-05,0.0,0.0,8.314861940469965e-05,2.8445580322660406e-05,0.0,2.1881215632815697e-06,6.564364689844709e-06
2019-11-13,465077,17.0,0.0,0.0,43.0,7.0,0.0,0.0,3.0,3.65530869081894e-05,0.0,0.0,9.245780806189082e-05,1.5051271079842693e-05,0.0,0.0,6.450544748504011e-06
2019-11-14,459986,14.0,0.0,0.0,29.0,10.0,0.0,0.0,4.0,3.0435708912879956e-05,0.0,0.0,6.304539703382277e-05,2.173979208062854e-05,0.0,0.0,8.695916832251416e-06
2019-11-15,474368,15.0,0.0,0.0,19.0,13.0,0.0,1.0,3.0,3.1621019967620074e-05,0.0,0.0,4.005329195898543e-05,2.7404883971937397e-05,0.0,2.1080679978413384e-06,6.324203993524015e-06
2019-11-16,416341,19.0,0.0,0.0,28.0,15.0,1.0,0.0,4.0,4.563566883876438e-05,0.0,0.0,6.725256460449487e-05,3.6028159609550824e-05,2.4018773073033883e-06,0.0,9.607509229213553e-06
2019-11-17,429807,18.0,0.0,0.0,44.0,12.0,0.0,0.0,3.0,4.187926208740202e-05,0.0,0.0,0.00010237152954698272,2.7919508058268014e-05,0.0,0.0,6.9798770145670036e-06
2019-11-18,432818,12.0,0.0,0.0,32.0,10.0,0.0,0.0,5.0,2.7725279447712433e-05,0.0,0.0,7.393407852723315e-05,2.310439953976036e-05,0.0,0.0,1.155219976988018e-05
2019-11-19,458978,20.0,0.0,0.0,20.0,8.0,0.0,0.0,3.0,4.357507331506085e-05,0.0,0.0,4.357507331506085e-05,1.743002932602434e-05,0.0,0.0,6.536260997259128e-06
2019-11-20,476783,14.0,0.0,0.0,30.0,11.0,0.0,1.0,3.0,2.9363463042935676e-05,0.0,0.0,6.292170652057645e-05,2.307129239087803e-05,0.0,2.0973902173525483e-06,6.292170652057644e-06
2019-11-21,467607,14.0,0.0,0.0,14.0,10.0,0.0,0.0,5.0,2.9939671561802966e-05,0.0,0.0,2.9939671561802966e-05,2.1385479687002118e-05,0.0,0.0,1.0692739843501059e-05
2019-11-22,451763,16.0,0.0,0.0,13.0,3.0,2.0,1.0,3.0,3.5416800401980684e-05,0.0,0.0,2.8776150326609305e-05,6.640650075371378e-06,4.4271000502475855e-06,2.2135500251237928e-06,6.640650075371378e-06
2019-11-23,430758,17.0,0.0,0.0,11.0,10.0,0.0,0.0,1.0,3.9465314631417175e-05,0.0,0.0,2.553638005562288e-05,2.321489095965716e-05,0.0,0.0,2.3214890959657163e-06
2019-11-24,435530,8.0,0.0,0.0,12.0,13.0,0.0,0.0,6.0,1.8368424677978555e-05,0.0,0.0,2.755263701696783e-05,2.9848690101715152e-05,0.0,0.0,1.3776318508483915e-05
2019-11-25,448025,17.0,0.0,0.0,12.0,8.0,0.0,0.0,2.0,3.7944311143351374e-05,0.0,0.0,2.678421963060097e-05,1.785614642040065e-05,0.0,0.0,4.464036605100162e-06
2019-11-26,457005,13.0,0.0,0.0,7.0,7.0,0.0,0.0,2.0,2.8446078270478442e-05,0.0,0.0,1.531711906871916e-05,1.531711906871916e-05,0.0,0.0,4.37631973391976e-06
2019-11-27,457365,17.0,0.0,0.0,6.0,8.0,1.0,0.0,1.0,3.716943797623342e-05,0.0,0.0,1.3118625168082386e-05,1.7491500224109848e-05,2.186437528013731e-06,0.0,2.186437528013731e-06
2019-11-28,445645,21.0,0.0,0.0,11.0,13.0,0.0,0.0,1.0,4.7122709780206215e-05,0.0,0.0,2.468332417058421e-05,2.917120129250861e-05,0.0,0.0,2.243938560962201e-06
2019-11-29,415568,14.0,0.0,0.0,12.0,7.0,1.0,0.0,3.0,3.3688830708813e-05,0.0,0.0,2.8876140607553998e-05,1.68444153544065e-05,2.4063450506295e-06,0.0,7.219035151888499e-06
2019-11-30,437929,23.0,0.0,0.0,8.0,13.0,0.0,0.0,4.0,5.2519929029591554e-05,0.0,0.0,1.826780140159706e-05,2.9685177277595227e-05,0.0,0.0,9.13390070079853e-06
2019-12-01,441920,16.0,0.0,0.0,18.0,7.0,0.0,0.0,3.0,3.620564808110065e-05,0.0,0.0,4.073135409123823e-05,1.5839971035481534e-05,0.0,0.0,6.7885590152063726e-06
2019-12-02,450701,22.0,0.0,0.0,6.0,11.0,0.0,0.0,1.0,4.881284931695293e-05,0.0,0.0,1.3312595268259888e-05,2.4406424658476464e-05,0.0,0.0,2.2187658780433147e-06
2019-12-03,469571,18.0,0.0,0.0,19.0,23.0,0.0,0.0,4.0,3.8332861271245456e-05,0.0,0.0,4.0462464675203534e-05,4.898087829103586e-05,0.0,0.0,8.518413615832323e-06
2019-12-04,507442,16.0,0.0,0.0,15.0,8.0,0.0,0.0,2.0,3.15306971042996e-05,0.0,0.0,2.956002853528088e-05,1.57653485521498e-05,0.0,0.0,3.94133713803745e-06
2019-12-05,41776,3.0,0.0,0.0,0.0,0.0,0.0,0.0,0.0,7.181156644963616e-05,0.0,0.0,0.0,0.0,0.0,0.0,0.0
2019-12-20,100091,3.0,0.0,0.0,0.0,4.0,0.0,0.0,2.0,2.9972724820413423e-05,0.0,0.0,0.0,3.9963633093884564e-05,0.0,0.0,1.9981816546942282e-05
2019-12-21,411117,12.0,0.0,0.0,13.0,16.0,0.0,0.0,0.0,2.9188771079765613e-05,0.0,0.0,3.162116866974608e-05,3.891836143968749e-05,0.0,0.0,0.0
2019-12-22,417970,27.0,0.0,0.0,22.0,6.0,2.0,0.0,4.0,6.459793765102759e-05,0.0,0.0,5.2635356604540995e-05,1.4355097255783909e-05,4.785032418594636e-06,0.0,9.570064837189272e-06
2019-12-23,428376,22.0,0.0,0.0,17.0,8.0,0.0,0.0,6.0,5.135675201225092e-05,0.0,0.0,3.968476291855753e-05,1.8675182549909427e-05,0.0,0.0,1.4006386912432068e-05
2019-12-24,438628,18.0,0.0,0.0,16.0,4.0,1.0,0.0,1.0,4.1037051898191636e-05,0.0,0.0,3.647737946505923e-05,9.119344866264808e-06,2.279836216566202e-06,0.0,2.279836216566202e-06
2019-12-25,393493,16.0,0.0,0.0,8.0,13.0,0.0,0.0,5.0,4.066146030552005e-05,0.0,0.0,2.0330730152760024e-05,3.303743649823504e-05,0.0,0.0,1.2706706345475015e-05
2019-12-26,392319,18.0,0.0,0.0,10.0,8.0,1.0,1.0,2.0,4.588103048794476e-05,0.0,0.0,2.5489461382191532e-05,2.0391569105753227e-05,2.5489461382191534e-06,2.5489461382191534e-06,5.097892276438307e-06
2019-12-27,431667,33.0,0.0,0.0,29.0,4.0,0.0,0.0,2.0,7.644781741481281e-05,0.0,0.0,6.71814153039264e-05,9.266402110886402e-06,0.0,0.0,4.633201055443201e-06
2019-12-28,423758,26.0,0.0,0.0,10.0,7.0,0.0,0.0,2.0,6.135577381429968e-05,0.0,0.0,2.359837454396141e-05,1.6518862180772987e-05,0.0,0.0,4.719674908792282e-06
2019-12-29,452661,24.0,0.0,0.0,16.0,6.0,0.0,1.0,0.0,5.3019809526334274e-05,0.0,0.0,3.534653968422285e-05,1.3254952381583569e-05,0.0,2.2091587302639282e-06,0.0
2019-12-30,458604,14.0,0.0,0.0,11.0,5.0,0.0,0.0,4.0,3.0527426712370585e-05,0.0,0.0,2.398583527400546e-05,1.0902652397275208e-05,0.0,0.0,8.722121917820168e-06
2019-12-31,490695,25.0,0.0,0.0,9.0,8.0,1.0,0.0,4.0,5.094814497804135e-05,0.0,0.0,1.8341332192094886e-05,1.630340639297323e-05,2.037925799121654e-06,0.0,8.151703196486616e-06
2020-01-01,463269,23.0,0.0,0.0,12.0,5.0,2.0,0.0,1.0,4.9647181227321494e-05,0.0,0.0,2.5902877162080777e-05,1.0792865484200323e-05,4.31714619368013e-06,0.0,2.158573096840065e-06
2020-01-02,435656,18.0,0.0,0.0,9.0,9.0,0.0,1.0,3.0,4.131700240556769e-05,0.0,0.0,2.0658501202783846e-05,2.0658501202783846e-05,0.0,2.2953890225315384e-06,6.886167067594616e-06
2020-01-03,495909,23.0,0.0,0.0,7.0,3.0,0.0,1.0,1.0,4.6379476879830774e-05,0.0,0.0,1.4115492963426757e-05,6.049496984325753e-06,0.0,2.016498994775251e-06,2.016498994775251e-06
2020-01-04,458563,23.0,0.0,0.0,6.0,7.0,0.0,0.0,0.0,5.015668512287298e-05,0.0,0.0,1.3084352640749472e-05,1.5265078080874384e-05,0.0,0.0,0.0
2020-01-05,494962,26.0,1.0,0.0,6.0,8.0,0.0,0.0,2.0,5.252928507643011e-05,2.020357118324235e-06,0.0,1.212214270994541e-05,1.616285694659388e-05,0.0,0.0,4.04071423664847e-06
2020-01-06,295288,9.0,0.0,0.0,6.0,4.0,1.0,0.0,6.0,3.0478719081032754e-05,0.0,0.0,2.0319146054021836e-05,1.354609736934789e-05,3.3865243423369727e-06,0.0,2.0319146054021836e-05
2020-01-15,24268,1.0,0.0,0.0,0.0,0.0,0.0,0.0,0.0,4.120652711389484e-05,0.0,0.0,0.0,0.0,0.0,0.0,0.0
2020-01-17,34491,1.0,0.0,0.0,0.0,1.0,0.0,0.0,0.0,2.8993070656113188e-05,0.0,0.0,0.0,2.8993070656113188e-05,0.0,0.0,0.0
2020-01-18,445663,17.0,0.0,0.0,5.0,15.0,0.0,0.0,6.0,3.814541480894757e-05,0.0,0.0,1.1219239649690462e-05,3.3657718949071385e-05,0.0,0.0,1.3463087579628553e-05
2020-01-19,324735,8.0,0.0,0.0,8.0,4.0,0.0,0.0,4.0,2.4635472000246356e-05,0.0,0.0,2.4635472000246356e-05,1.2317736000123178e-05,0.0,0.0,1.2317736000123178e-05
2020-01-22,62688,0.0,0.0,0.0,0.0,0.0,1.0,0.0,0.0,0.0,0.0,0.0,0.0,0.0,1.5952016334864728e-05,0.0,0.0
2020-01-23,480881,20.0,0.0,0.0,9.0,6.0,2.0,1.0,4.0,4.1590331079830564e-05,0.0,0.0,1.8715648985923754e-05,1.2477099323949169e-05,4.159033107983056e-06,2.079516553991528e-06,8.318066215966111e-06
2020-01-24,473301,37.0,0.0,0.0,6.0,8.0,0.0,0.0,9.0,7.817435416362948e-05,0.0,0.0,1.2676922296804782e-05,1.6902563062406374e-05,0.0,0.0,1.9015383445207172e-05
2020-01-25,441083,21.0,0.0,0.0,6.0,8.0,0.0,1.0,12.0,4.7610086990430375e-05,0.0,0.0,1.360288199726582e-05,1.813717599635443e-05,0.0,2.2671469995443036e-06,2.720576399453164e-05
2020-01-26,483330,26.0,0.0,0.0,6.0,12.0,0.0,1.0,14.0,5.379347443775474e-05,0.0,0.0,1.241387871640494e-05,2.482775743280988e-05,0.0,2.06897978606749e-06,2.8965717004944862e-05
2020-01-27,475431,26.0,0.0,0.0,7.0,21.0,1.0,0.0,4.0,5.468722064821183e-05,0.0,0.0,1.4723482482210878e-05,4.4170447446632635e-05,2.1033546403158398e-06,0.0,8.413418561263359e-06
2020-01-28,475870,27.0,0.0,0.0,6.0,18.0,0.0,0.0,10.0,5.67381847983693e-05,0.0,0.0,1.2608485510748735e-05,3.78254565322462e-05,0.0,0.0,2.1014142517914556e-05
2020-01-29,493788,29.0,0.0,0.0,11.0,21.0,1.0,1.0,9.0,5.872965726182086e-05,0.0,0.0,2.2276766547587224e-05,4.252837249993924e-05,2.025160595235202e-06,2.025160595235202e-06,1.822644535711682e-05
2020-01-30,482148,27.0,0.0,0.0,9.0,11.0,1.0,0.0,13.0,5.599940267303815e-05,0.0,0.0,1.8666467557679386e-05,2.2814571459385914e-05,2.074051950853265e-06,0.0,2.6962675361092446e-05
2020-01-31,505171,34.0,0.0,0.0,9.0,17.0,0.0,0.0,0.0,6.730394262536844e-05,0.0,0.0,1.7815749518479882e-05,3.365197131268422e-05,0.0,0.0,0.0
2020-02-01,467633,17.0,0.0,0.0,7.0,11.0,0.0,0.0,10.0,3.635329414305663e-05,0.0,0.0,1.4969003470670376e-05,2.3522719739624876e-05,0.0,0.0,2.138429067238625e-05
2020-02-02,460913,15.0,0.0,0.0,3.0,10.0,0.0,0.0,3.0,3.2544102683152785e-05,0.0,0.0,6.508820536630557e-06,2.1696068455435192e-05,0.0,0.0,6.508820536630557e-06
2020-02-03,496840,19.0,0.0,0.0,8.0,6.0,0.0,0.0,2.0,3.8241687464777395e-05,0.0,0.0,1.6101763143064164e-05,1.2076322357298125e-05,0.0,0.0,4.025440785766041e-06
2020-02-04,479400,26.0,0.0,0.0,9.0,10.0,0.0,0.0,5.0,5.4234459741343346e-05,0.0,0.0,1.8773466833541928e-05,2.0859407592824365e-05,0.0,0.0,1.0429703796412182e-05
2020-02-05,532016,16.0,0.0,0.0,4.0,9.0,0.0,0.0,4.0,3.0074283480196084e-05,0.0,0.0,7.518570870049021e-06,1.69167844576103e-05,0.0,0.0,7.518570870049021e-06
2020-02-06,495886,27.0,0.0,0.0,3.0,6.0,0.0,0.0,3.0,5.444799812860214e-05,0.0,0.0,6.049777569844682e-06,1.2099555139689364e-05,0.0,0.0,6.049777569844682e-06
2020-02-07,468801,17.0,0.0,0.0,6.0,11.0,0.0,1.0,1.0,3.626272128259112e-05,0.0,0.0,1.2798607511502748e-05,2.3464113771088373e-05,0.0,2.133101251917125e-06,2.133101251917125e-06
2020-02-08,459376,24.0,0.0,0.0,3.0,11.0,0.0,0.0,2.0,5.224478422904113e-05,0.0,0.0,6.5305980286301415e-06,2.3945526104977185e-05,0.0,0.0,4.353732019086761e-06
2020-02-09,460214,16.0,0.0,0.0,7.0,8.0,0.0,0.0,3.0,3.4766434745574886e-05,0.0,0.0,1.5210315201189012e-05,1.7383217372787443e-05,0.0,0.0,6.518706514795291e-06
2020-02-10,479357,22.0,0.0,0.0,10.0,14.0,0.0,1.0,5.0,4.589481326026323e-05,0.0,0.0,2.0861278754665105e-05,2.9205790256531145e-05,0.0,2.0861278754665104e-06,1.0430639377332552e-05
2020-02-11,481097,23.0,0.0,0.0,8.0,6.0,1.0,0.0,1.0,4.780740682232481e-05,0.0,0.0,1.662866324254776e-05,1.247149743191082e-05,2.07858290531847e-06,0.0,2.07858290531847e-06
2020-02-12,497709,21.0,0.0,0.0,11.0,11.0,1.0,0.0,2.0,4.219332983731457e-05,0.0,0.0,2.210126801002192e-05,2.210126801002192e-05,2.0092061827292657e-06,0.0,4.018412365458531e-06
2020-02-13,482760,15.0,0.0,0.0,6.0,5.0,0.0,0.0,3.0,3.107133979617201e-05,0.0,0.0,1.2428535918468805e-05,1.035711326539067e-05,0.0,0.0,6.214267959234402e-06
2020-02-14,486510,20.0,0.0,0.0,5.0,17.0,0.0,0.0,1.0,4.1109124170109554e-05,0.0,0.0,1.0277281042527388e-05,3.494275554459312e-05,0.0,0.0,2.055456208505478e-06
2020-02-15,423276,14.0,0.0,0.0,5.0,12.0,1.0,1.0,0.0,3.307534563736191e-05,0.0,0.0,1.1812623441914968e-05,2.8350296260595925e-05,2.3625246883829936e-06,2.3625246883829936e-06,0.0
2020-02-16,444433,11.0,0.0,0.0,5.0,15.0,0.0,2.0,2.0,2.475063732891122e-05,0.0,0.0,1.1250289694959645e-05,3.375086908487893e-05,0.0,4.500115877983858e-06,4.500115877983858e-06
2020-02-17,462510,16.0,0.0,0.0,7.0,17.0,1.0,1.0,3.0,3.459384661953255e-05,0.0,0.0,1.5134807896045491e-05,3.6755962033253336e-05,2.1621154137207843e-06,2.1621154137207843e-06,6.486346241162353e-06
2020-02-18,477098,18.0,0.0,0.0,10.0,10.0,0.0,2.0,3.0,3.7728097791229475e-05,0.0,0.0,2.096005432846082e-05,2.096005432846082e-05,0.0,4.192010865692164e-06,6.288016298538246e-06
2020-02-19,480328,17.0,0.0,0.0,3.0,13.0,0.0,0.0,2.0,3.539248180410053e-05,0.0,0.0,6.245732083076564e-06,2.706483902666511e-05,0.0,0.0,4.1638213887177096e-06
2020-02-20,498781,20.0,0.0,0.0,3.0,12.0,0.0,0.0,1.0,4.009775833482029e-05,0.0,0.0,6.0146637502230435e-06,2.4058655000892174e-05,0.0,0.0,2.0048879167410148e-06
2020-02-21,497715,17.0,0.0,0.0,6.0,16.0,0.0,0.0,3.0,3.415609334659393e-05,0.0,0.0,1.2055091769386094e-05,3.2146911385029586e-05,0.0,0.0,6.027545884693047e-06
2020-02-22,448633,19.0,0.0,0.0,9.0,10.0,0.0,0.0,2.0,4.2350874768463306e-05,0.0,0.0,2.006094067979841e-05,2.22899340886649e-05,0.0,0.0,4.45798681773298e-06
2020-02-23,463036,28.0,0.0,0.0,8.0,13.0,2.0,0.0,0.0,6.047046018020197e-05,0.0,0.0,1.7277274337200564e-05,2.8075570797950916e-05,4.319318584300141e-06,0.0,0.0
2020-02-24,467845,25.0,0.0,0.0,3.0,10.0,0.0,0.0,1.0,5.3436501405379986e-05,0.0,0.0,6.412380168645598e-06,2.1374600562151996e-05,0.0,0.0,2.1374600562151995e-06
2020-02-25,482956,19.0,0.0,0.0,9.0,14.0,0.0,0.0,4.0,3.934105798457831e-05,0.0,0.0,1.8635237992694986e-05,2.8988147988636646e-05,0.0,0.0,8.282327996753328e-06
2020-02-26,489925,13.0,0.0,0.0,16.0,10.0,0.0,0.0,4.0,2.653467367454202e-05,0.0,0.0,3.265805990712864e-05,2.0411287441955402e-05,0.0,0.0,8.16451497678216e-06
2020-02-27,488634,28.0,0.0,0.0,4.0,8.0,0.0,0.0,3.0,5.73026027660785e-05,0.0,0.0,8.186086109439785e-06,1.637217221887957e-05,0.0,0.0,6.139564582079839e-06
2020-02-28,475772,14.0,0.0,0.0,10.0,13.0,1.0,0.0,5.0,2.942585944528051e-05,0.0,0.0,2.1018471032343224e-05,2.732401234204619e-05,2.101847103234322e-06,0.0,1.0509235516171612e-05
2020-02-29,447968,24.0,0.0,0.0,9.0,9.0,1.0,1.0,2.0,5.3575255375383954e-05,0.0,0.0,2.0090720765768984e-05,2.0090720765768984e-05,2.232302307307665e-06,2.232302307307665e-06,4.46460461461533e-06
2020-03-01,457693,14.0,0.0,0.0,7.0,12.0,0.0,0.0,5.0,3.05881890262687e-05,0.0,0.0,1.529409451313435e-05,2.621844773680174e-05,0.0,0.0,1.0924353223667393e-05
2020-03-02,465343,13.0,0.0,0.0,8.0,13.0,0.0,0.0,1.0,2.7936382410394053e-05,0.0,0.0,1.719161994485788e-05,2.7936382410394053e-05,0.0,0.0,2.148952493107235e-06
2020-03-03,470771,20.0,0.0,0.0,7.0,9.0,0.0,0.0,7.0,4.2483500470504767e-05,0.0,0.0,1.486922516467667e-05,1.9117575211727147e-05,0.0,0.0,1.486922516467667e-05
2020-03-04,502874,13.0,0.0,0.0,8.0,20.0,0.0,0.0,3.0,2.5851406117635828e-05,0.0,0.0,1.5908557610852817e-05,3.9771394027132045e-05,0.0,0.0,5.965709104069807e-06
2020-03-05,484249,15.0,0.0,0.0,7.0,13.0,0.0,0.0,2.0,3.097579964026771e-05,0.0,0.0,1.4455373165458266e-05,2.684569302156535e-05,0.0,0.0,4.130106618702362e-06
2020-03-06,480525,19.0,0.0,0.0,3.0,11.0,0.0,0.0,2.0,3.9540086363872845e-05,0.0,0.0,6.243171531137818e-06,2.2891628947505332e-05,0.0,0.0,4.162114354091879e-06
2020-03-07,446892,17.0,0.0,0.0,6.0,8.0,0.0,0.0,1.0,3.8040510906438244e-05,0.0,0.0,1.3426062672860557e-05,1.790141689714741e-05,0.0,0.0,2.237677112143426e-06
2020-03-08,467209,17.0,0.0,0.0,9.0,13.0,0.0,2.0,2.0,3.6386285366934286e-05,0.0,0.0,1.9263327547200502e-05,2.7824806457067392e-05,0.0,4.280739454933445e-06,4.280739454933445e-06
2020-03-09,466979,16.0,0.0,0.0,7.0,25.0,0.0,0.0,4.0,3.426278269472503e-05,0.0,0.0,1.4989967428942201e-05,5.353559796050786e-05,0.0,0.0,8.565695673681257e-06
2020-03-10,485412,20.0,0.0,0.0,7.0,14.0,0.0,1.0,3.0,4.1202112844346656e-05,0.0,0.0,1.442073949552133e-05,2.884147899104266e-05,0.0,2.060105642217333e-06,6.180316926651999e-06
2020-03-11,510295,13.0,0.0,0.0,5.0,7.0,1.0,0.0,1.0,2.5475460272979357e-05,0.0,0.0,9.798253951145906e-06,1.3717555531604269e-05,1.9596507902291813e-06,0.0,1.9596507902291813e-06
2020-03-12,555909,37.0,0.0,0.0,12.0,21.0,0.0,0.0,4.0,6.655765601924056e-05,0.0,0.0,2.1586266817050994e-05,3.777596692983923e-05,0.0,0.0,7.19542227235033e-06
2020-03-13,537523,28.0,0.0,0.0,12.0,13.0,1.0,0.0,8.0,5.2090794254385397e-05,0.0,0.0,2.2324626109022313e-05,2.4185011618107504e-05,1.8603855090851927e-06,0.0,1.4883084072681542e-05
2020-03-14,487264,17.0,0.0,0.0,11.0,18.0,0.0,0.0,6.0,3.488868457345505e-05,0.0,0.0,2.257503119458856e-05,3.694096013659946e-05,0.0,0.0,1.2313653378866487e-05
2020-03-15,504972,21.0,0.0,0.0,9.0,15.0,0.0,1.0,3.0,4.158646419999525e-05,0.0,0.0,1.7822770371426535e-05,2.970461728571089e-05,0.0,1.9803078190473928e-06,5.940923457142178e-06
2020-03-16,553933,27.0,0.0,0.0,6.0,16.0,0.0,0.0,5.0,4.874235692764287e-05,0.0,0.0,1.0831634872809528e-05,2.8884359660825407e-05,0.0,0.0,9.02636239400794e-06
2020-03-17,577780,18.0,0.0,0.0,19.0,13.0,1.0,1.0,17.0,3.11537263318218e-05,0.0,0.0,3.28844889058119e-05,2.24999134618713e-05,1.7307625739901e-06,1.7307625739901e-06,2.94229637578317e-05
2020-03-18,581117,25.0,0.0,0.0,14.0,19.0,0.0,0.0,12.0,4.3020596540799876e-05,0.0,0.0,2.4091534062847928e-05,3.26956533710079e-05,0.0,0.0,2.064988633958394e-05
2020-03-19,584684,41.0,0.0,0.0,15.0,15.0,1.0,0.0,13.0,7.012334868065484e-05,0.0,0.0,2.5654883663654215e-05,2.5654883663654215e-05,1.7103255775769475e-06,0.0,2.2234232508500318e-05
2020-03-20,599691,35.0,0.0,0.0,10.0,12.0,0.0,0.0,11.0,5.836339047943024e-05,0.0,0.0,1.6675254422694354e-05,2.0010305307233227e-05,0.0,0.0,1.834277986496379e-05
2020-03-21,563030,31.0,1.0,0.0,9.0,11.0,0.0,0.0,8.0,5.505923307816635e-05,1.7761042928440759e-06,0.0,1.5984938635596682e-05,1.9537147221284835e-05,0.0,0.0,1.4208834342752607e-05
2020-03-22,573829,37.0,0.0,0.0,8.0,13.0,1.0,0.0,9.0,6.447913925577132e-05,0.0,0.0,1.3941435514761366e-05,2.265483271148722e-05,1.7426794393451707e-06,0.0,1.5684114954106537e-05
2020-03-23,605692,32.0,0.0,0.0,7.0,14.0,0.0,0.0,2.0,5.2832132502988316e-05,0.0,0.0,1.1557028985028695e-05,2.311405797005739e-05,0.0,0.0,3.3020082814367698e-06
2020-03-24,616345,39.0,0.0,0.0,2.0,17.0,0.0,0.0,4.0,6.32762495031192e-05,0.0,0.0,3.2449358719548304e-06,2.758195491161606e-05,0.0,0.0,6.489871743909661e-06
2020-03-25,622637,38.0,0.0,0.0,7.0,15.0,0.0,0.0,6.0,6.103074504085045e-05,0.0,0.0,1.124250566541982e-05,2.4091083568756756e-05,0.0,0.0,9.636433427502702e-06
2020-03-26,627887,50.0,0.0,0.0,5.0,17.0,0.0,0.0,6.0,7.963216311215235e-05,0.0,0.0,7.963216311215235e-06,2.7074935458131796e-05,0.0,0.0,9.555859573458282e-06
2020-03-27,637103,49.0,0.0,0.0,10.0,14.0,1.0,0.0,5.0,7.691064082259854e-05,0.0,0.0,1.569604914746909e-05,2.1974468806456725e-05,1.569604914746909e-06,0.0,7.848024573734545e-06
2020-03-28,584165,28.0,0.0,0.0,7.0,17.0,0.0,0.0,2.0,4.793166314311881e-05,0.0,0.0,1.1982915785779703e-05,2.9101366908322136e-05,0.0,0.0,3.4236902245084866e-06
2020-03-29,592336,34.0,0.0,0.0,9.0,21.0,0.0,0.0,2.0,5.739985413684125e-05,0.0,0.0,1.5194079036222685e-05,3.54528510845196e-05,0.0,0.0,3.3764620080494854e-06
2020-03-30,627052,41.0,0.0,0.0,4.0,11.0,0.0,0.0,3.0,6.53853268947392e-05,0.0,0.0,6.37905628241358e-06,1.7542404776637344e-05,0.0,0.0,4.784292211810185e-06
2020-03-31,626237,44.0,0.0,0.0,11.0,7.0,0.0,0.0,4.0,7.026093954844571e-05,0.0,0.0,1.7565234887111428e-05,1.1177876746343636e-05,0.0,0.0,6.387358140767792e-06
2020-04-01,508899,34.0,0.0,0.0,8.0,9.0,0.0,0.0,1.0,6.681089960876323e-05,0.0,0.0,1.5720211672650174e-05,1.7685238131731443e-05,0.0,0.0,1.9650264590812717e-06
2020-04-02,624036,37.0,0.0,0.0,7.0,23.0,1.0,0.0,4.0,5.929145113422943e-05,0.0,0.0,1.1217301565935299e-05,3.685684800235884e-05,1.6024716522764713e-06,0.0,6.409886609105885e-06
2020-04-03,627646,29.0,0.0,0.0,7.0,21.0,0.0,1.0,6.0,4.6204389098313384e-05,0.0,0.0,1.1152783575454955e-05,3.345835072636486e-05,0.0,1.5932547964935648e-06,9.559528778961389e-06
2020-04-04,595093,39.0,0.0,0.0,3.0,21.0,0.0,1.0,3.0,6.553597504927801e-05,0.0,0.0,5.041228849944462e-06,3.5288601949611235e-05,0.0,1.6804096166481543e-06,5.041228849944462e-06
2020-04-05,609565,26.0,0.0,0.0,2.0,25.0,0.0,1.0,3.0,4.2653367565395e-05,0.0,0.0,3.2810282742611533e-06,4.101285342826442e-05,0.0,1.6405141371305766e-06,4.92154241139173e-06
2020-04-06,624184,26.0,0.0,0.0,10.0,26.0,1.0,1.0,3.0,4.1654383963703014e-05,0.0,0.0,1.6020916909116544e-05,4.1654383963703014e-05,1.6020916909116542e-06,1.6020916909116542e-06,4.806275072734963e-06
2020-04-07,617831,24.0,0.0,0.0,6.0,18.0,0.0,0.0,8.0,3.8845574275165865e-05,0.0,0.0,9.711393568791466e-06,2.9134180706374397e-05,0.0,0.0,1.294852475838862e-05
2020-04-08,640242,29.0,0.0,0.0,7.0,16.0,1.0,0.0,2.0,4.529537268720265e-05,0.0,0.0,1.0933365821048916e-05,2.4990550448111807e-05,1.561909403006988e-06,0.0,3.123818806013976e-06
2020-04-09,620948,31.0,0.0,0.0,6.0,23.0,0.0,1.0,2.0,4.992366510561271e-05,0.0,0.0,9.662644859150846e-06,3.7040138626744914e-05,0.0,1.6104408098584744e-06,3.220881619716949e-06
2020-04-10,610938,31.0,0.0,0.0,8.0,16.0,0.0,1.0,6.0,5.074164645184945e-05,0.0,0.0,1.3094618439186955e-05,2.618923687837391e-05,0.0,1.6368273048983694e-06,9.820963829390217e-06
2020-04-11,575834,27.0,0.0,0.0,7.0,10.0,1.0,1.0,4.0,4.688851300895744e-05,0.0,0.0,1.2156281150470448e-05,1.7366115929243496e-05,1.7366115929243496e-06,1.7366115929243496e-06,6.9464463716973985e-06
2020-04-12,594587,27.0,0.0,0.0,11.0,23.0,0.0,0.0,6.0,4.5409670914433044e-05,0.0,0.0,1.850023629847272e-05,3.868231226044296e-05,0.0,0.0,1.0091037980985121e-05
2020-04-13,629412,31.0,0.0,0.0,14.0,22.0,0.0,1.0,5.0,4.925231803651662e-05,0.0,0.0,2.2242982339072023e-05,3.4953257961398894e-05,0.0,1.5887844527908589e-06,7.943922263954295e-06
2020-04-14,634171,30.0,0.0,0.0,6.0,11.0,0.0,0.0,4.0,4.730585283779927e-05,0.0,0.0,9.461170567559854e-06,1.734547937385973e-05,0.0,0.0,6.307447045039902e-06
2020-04-15,627741,40.0,0.0,0.0,26.0,13.0,1.0,0.0,7.0,6.372054716833853e-05,0.0,0.0,4.141835565942005e-05,2.0709177829710024e-05,1.5930136792084633e-06,0.0,1.1151095754459243e-05
2020-04-16,632621,31.0,0.0,0.0,21.0,32.0,0.0,1.0,2.0,4.9002483319396606e-05,0.0,0.0,3.319523063572028e-05,5.0583208587764235e-05,0.0,1.5807252683676323e-06,3.1614505367352647e-06
2020-04-17,628345,40.0,0.0,0.0,12.0,40.0,1.0,0.0,1.0,6.36592954507476e-05,0.0,0.0,1.909778863522428e-05,6.36592954507476e-05,1.59148238626869e-06,0.0,1.59148238626869e-06
2020-04-18,636829,32.0,0.0,0.0,11.0,27.0,0.0,0.0,3.0,5.024896793330706e-05,0.0,0.0,1.72730827270743e-05,4.2397566693727826e-05,0.0,0.0,4.710840743747537e-06
2020-04-19,656186,24.0,0.0,0.0,11.0,21.0,0.0,1.0,6.0,3.657499550432347e-05,0.0,0.0,1.6763539606148256e-05,3.2003121066283035e-05,0.0,1.523958146013478e-06,9.143748876080868e-06
2020-04-20,618517,26.0,0.0,0.0,13.0,17.0,0.0,0.0,3.0,4.2036031345945224e-05,0.0,0.0,2.1018015672972612e-05,2.7485097418502646e-05,0.0,0.0,4.850311309147525e-06
2020-04-21,625197,30.0,0.0,0.0,10.0,13.0,1.0,2.0,4.0,4.798487516734725e-05,0.0,0.0,1.5994958389115752e-05,2.0793445905850474e-05,1.599495838911575e-06,3.19899167782315e-06,6.3979833556463e-06
2020-04-22,627404,34.0,0.0,0.0,3.0,27.0,0.0,0.0,1.0,5.419155759287477e-05,0.0,0.0,4.781608022900715e-06,4.303447220610643e-05,0.0,0.0,1.593869340966905e-06
2020-04-23,632845,23.0,0.0,0.0,7.0,28.0,0.0,0.0,7.0,3.634381246592767e-05,0.0,0.0,1.1061160315717119e-05,4.4244641262868475e-05,0.0,0.0,1.1061160315717119e-05
2020-04-24,650087,34.0,0.0,0.0,3.0,12.0,1.0,0.0,5.0,5.230069206121642e-05,0.0,0.0,4.614766946577919e-06,1.8459067786311677e-05,1.5382556488593065e-06,0.0,7.691278244296533e-06
2020-04-25,584501,46.0,0.0,0.0,6.0,29.0,0.0,0.0,2.0,7.869960872607574e-05,0.0,0.0,1.0265166355575097e-05,4.961497071861297e-05,0.0,0.0,3.4217221185250323e-06
2020-04-26,566618,25.0,0.0,0.0,8.0,12.0,0.0,0.0,2.0,4.412143631158911e-05,0.0,0.0,1.4118859619708516e-05,2.1178289429562774e-05,0.0,0.0,3.529714904927129e-06
2020-04-27,617048,37.0,0.0,0.0,4.0,19.0,0.0,0.0,3.0,5.996292022662743e-05,0.0,0.0,6.4824778623381e-06,3.0791769846105975e-05,0.0,0.0,4.861858396753575e-06
2020-04-28,614197,29.0,0.0,0.0,2.0,21.0,0.0,0.0,3.0,4.721612121192386e-05,0.0,0.0,3.2562842215119907e-06,3.41909843258759e-05,0.0,0.0,4.8844263322679856e-06
2020-04-29,584042,32.0,0.0,0.0,5.0,20.0,0.0,0.0,3.0,5.479058012951123e-05,0.0,0.0,8.56102814523613e-06,3.424411258094452e-05,0.0,0.0,5.136616887141678e-06
2020-04-30,161246,5.0,0.0,0.0,3.0,8.0,0.0,1.0,0.0,3.1008521141609716e-05,0.0,0.0,1.860511268496583e-05,4.961363382657554e-05,0.0,6.201704228321943e-06,0.0
